INSERT INTO SALES (ID_Sales, Name, Firstname, Address, NumberPhone) VALUES ('0', 'Taylor', 'Lily', 'Sequoia Road 721', '555-2345');
INSERT INTO SALES (ID_Sales, Name, Firstname, Address, NumberPhone) VALUES ('1', 'Anderson', 'Grace', 'Juniper Court 691', '555-1234');
INSERT INTO SALES (ID_Sales, Name, Firstname, Address, NumberPhone) VALUES ('2', 'Martinez', 'Aria', 'Redwood Lane 538', '555-9012');
INSERT INTO SALES (ID_Sales, Name, Firstname, Address, NumberPhone) VALUES ('3', 'Williams', 'Layla', 'Aspen Court 463', '555-9012');
INSERT INTO SALES (ID_Sales, Name, Firstname, Address, NumberPhone) VALUES ('4', 'Lee', 'Logan', 'Pine Lane 107', '555-4567');
INSERT INTO SALES (ID_Sales, Name, Firstname, Address, NumberPhone) VALUES ('5', 'White', 'Jack', 'Juniper Court 31', '555-1234');
INSERT INTO SALES (ID_Sales, Name, Firstname, Address, NumberPhone) VALUES ('6', 'Martinez', 'Logan', 'Maple Court 153', '555-2345');
INSERT INTO CARS (ID_Cars, Brand, Model, Production_Year, Serial_Number, Price) VALUES ('0', 'Pagani', 'Chiron', '2023-12-20', '1142293539', '21.35');
INSERT INTO CARS (ID_Cars, Brand, Model, Production_Year, Serial_Number, Price) VALUES ('1', 'Rolls-Royce', 'Civic', '2024-07-17', '2072153664', '94.34');
INSERT INTO CARS (ID_Cars, Brand, Model, Production_Year, Serial_Number, Price) VALUES ('2', 'Ford', '300', '2024-06-06', '2109116073', '59.89');
INSERT INTO CARS (ID_Cars, Brand, Model, Production_Year, Serial_Number, Price) VALUES ('3', 'BMW', 'RX', '2024-07-08', '2035287196', '97.80');
INSERT INTO CARS (ID_Cars, Brand, Model, Production_Year, Serial_Number, Price) VALUES ('4', 'Lamborghini', 'Cherokee', '2024-04-24', '671357526', '31.49');
INSERT INTO CARS (ID_Cars, Brand, Model, Production_Year, Serial_Number, Price) VALUES ('5', 'Spyker', 'Stelvio', '2024-04-03', '612910302', '63.89');
INSERT INTO CARS (ID_Cars, Brand, Model, Production_Year, Serial_Number, Price) VALUES ('6', 'Toyota', '3 Series', '2024-02-20', '1393058169', '77.58');
INSERT INTO SHOPPER (ID_Shoppers, Name, Firstname, Address, NumberPhone) VALUES ('0', 'Johnson', 'Jackson', 'Birch Lane 415', '555-2345');
INSERT INTO SHOPPER (ID_Shoppers, Name, Firstname, Address, NumberPhone) VALUES ('1', 'Lopez', 'Aiden', 'Cherry Drive 850', '555-7890');
INSERT INTO SHOPPER (ID_Shoppers, Name, Firstname, Address, NumberPhone) VALUES ('2', 'Garcia', 'Zoey', 'Maple Court 47', '555-2345');
INSERT INTO SHOPPER (ID_Shoppers, Name, Firstname, Address, NumberPhone) VALUES ('3', 'Young', 'Zoey', 'Cypress Court 586', '555-5678');
INSERT INTO SHOPPER (ID_Shoppers, Name, Firstname, Address, NumberPhone) VALUES ('4', 'White', 'Harper', 'Sequoia Road 882', '555-6780');
INSERT INTO SHOPPER (ID_Shoppers, Name, Firstname, Address, NumberPhone) VALUES ('5', 'Williams', 'Emma', 'Spruce Avenue 994', '555-2345');
INSERT INTO SHOPPER (ID_Shoppers, Name, Firstname, Address, NumberPhone) VALUES ('6', 'Gonzalez', 'Liam', 'Juniper Street 928', '555-1234');
INSERT INTO TRANSACTIONS (ID_Trans, Date_Trans, Total_Trans, ID_Cars, ID_Sales, ID_Shoppers) VALUES ('0', '2024-04-30', '90.954', '3', '1', '7');
INSERT INTO TRANSACTIONS (ID_Trans, Date_Trans, Total_Trans, ID_Cars, ID_Sales, ID_Shoppers) VALUES ('1', '2024-03-03', '18.565', '1', '4', '3');
INSERT INTO TRANSACTIONS (ID_Trans, Date_Trans, Total_Trans, ID_Cars, ID_Sales, ID_Shoppers) VALUES ('2', '2024-04-02', '77.908', '4', '3', '4');
INSERT INTO TRANSACTIONS (ID_Trans, Date_Trans, Total_Trans, ID_Cars, ID_Sales, ID_Shoppers) VALUES ('3', '2024-09-17', '0.838', '2', '3', '4');
INSERT INTO TRANSACTIONS (ID_Trans, Date_Trans, Total_Trans, ID_Cars, ID_Sales, ID_Shoppers) VALUES ('4', '2024-10-26', '81.819', '2', '2', '7');
INSERT INTO TRANSACTIONS (ID_Trans, Date_Trans, Total_Trans, ID_Cars, ID_Sales, ID_Shoppers) VALUES ('5', '2023-12-15', '10.071', '3', '5', '7');
INSERT INTO TRANSACTIONS (ID_Trans, Date_Trans, Total_Trans, ID_Cars, ID_Sales, ID_Shoppers) VALUES ('6', '2024-03-02', '50.855', '7', '5', '7');
